Time [s],Packet ID,MOSI,MISO
0.908290920000000,,0x00,0x00
0.908292600000000,,0x0D,0x00
0.908294260000000,,0xFF,0x34
